DrinkIngredient;Category;IsUsed;SupplierId;Cost;SizeLiters;SizeUnits;QuantityNeeded;Notes
ACQUA SAN BENEDETTO FEIZZ;ACQUA;NO;DIBE;0,17;0,5;1;10;
ABBAYE DES ROCS NOEL;BIRRE BOTTIGLIA;NO;LA CENTRALE DEL GUSTO;2,36;0,33;1;10;
ACQUA SAN BENEDETTO NAT;ACQUA;NO;DIBE;0,17;0,5;1;10;
Ace;SUCCHI;NO;ATB;0,58;0,2;1;10;
Achel Bruin 8 %;BIRRE BOTTIGLIA;NO;ATB;1,92;0,33;1;10;BRUIN
ACQUA BRILLANTE - TONICA LATT 33 CL;BIBITE;SI;LEVA;0,43;0,33;1;10;
ACQUA BRILLANTE - TONICA 20 CL VETRO;BIBITE;SI;LEVA;0,38;0,2;1;10;
Acqua Frizz;ACQUA;NO;ATB;0,19;0,5;1;10;
Acqua Nat;ACQUA;NO;ATB;0,19;0,5;1;10;
AMARO DEL CAPO;AMARO;NO;DIBE;10,25;0,7;1;10;
ACQUA SAN BENEDETTO FRIZZANTE;BIBITE;SI;LEVA;0,18;0,5;1;10;
AVERNA;AMARO;NO;DIBE;14,3;1;1;10;
ACQUA SAN BENEDETTO NATURALE;BIBITE;SI;LEVA;0,18;0,5;1;10;
Albicocca;SUCCHI;NO;ATB;0,58;0,2;1;10;
AMARCORD VOLPINA;BIRRE FUSTO;NO;ATB;0;16;1;10;BITTER ALE
ANDECHS DOPPELBOCK 7%;BIRRE FUSTO;NO;ATB;117,5;30;1;10;DOPPELBOCK DUNKELL
BREWDOG PUNK IPA;BIRRE FUSTO;NO;ATB;124,2;30;1;10;IPA
BUSH THE NOEL 12°;BIRRE FUSTO;NO;ATB;115,2;20;1;10;BELGIAN ALE DI NATALE
AMA MORA 9 %;BIRRE BOTTIGLIA;NO;ATB;2,58;0,3;1;10;
AMARCORD GRADISCA 5,2 %;BIRRE BOTTIGLIA;NO;ATB;2,63;0,5;1;10;
BELA TUSA - 4,5;BIRRE BOTTIGLIA;NO;MA.BO;2,2;0,33;1;10;
SCIURA IPA - 6,5;BIRRE BOTTIGLIA;NO;MA.BO;2,3;0,33;1;10;
SCIMBA - 8;BIRRE BOTTIGLIA;NO;MA.BO;2,3;0,33;1;10;
SPAZZACAMIN - 6;BIRRE BOTTIGLIA;NO;MA.BO;2,3;0,33;1;10;
TAS&BEF - 5;BIRRE BOTTIGLIA;NO;MA.BO;2,3;0,33;1;10;
BELA TUSA - 4,5;BIRRE FUSTO;NO;MA.BO;93;24;1;10;
SCIURA IPA - 6,5;BIRRE FUSTO;NO;MA.BO;96;24;1;10;
SCIMBA - 8;BIRRE FUSTO;NO;MA.BO;96;24;1;10;
SPAZZACAMIN - 6;BIRRE FUSTO;NO;MA.BO;96;24;1;10;
TAS&BEF - 5;BIRRE FUSTO;NO;MA.BO;96;24;1;10;
AMARCORD RISERVA SPECIALE 10 %;BIRRE BOTTIGLIA;NO;ATB;11,33;0,75;1;10;
GOLDEN PRIDE;BIRRE FUSTO;NO;ATB;0;16;1;10;BITTER ALE
AMARCORD VOLPINA 6,5 %;BIRRE BOTTIGLIA;NO;ATB;2,79;0,5;1;10;
AMARO D'ANGERA;SUPER ALCOLICI;SI;ROSSI D'ANGERA;16,5;0,7;1;10;AMARO
BRANCAMENTA - FERNET;AMARO;NO;DIBE;15,2;1;1;10;
AMARO DEL CAPO;AMARO;NO;ATB;16,4;1;1;10;
AMARO DEL CAPO;SUPER ALCOLICI;SI;LEVA;16,67;1;1;10;
AMARO DEL LAGO MAGGIORE;AMARO;NO;CDA;17,1;0,7;1;10;
AMARO DEL LAGO MAGGIORE;SUPER ALCOLICI;SI;ROSSI D'ANGERA;12;0,7;1;10;AMARO
AMARO MONTENEGRO;SUPER ALCOLICI;SI;LEVA;13,31;0,7;1;10;
AMARO UNICUM;AMARO;NO;ATB;0;1;1;10;
AMARO UNICUM;SUPER ALCOLICI;SI;LEVA;15,1;1;1;10;
GOUDEN CAROLUS CHRISTMAS;BIRRE FUSTO;NO;ATB;104,64;20;1;10;BELGIAN ALE DI NATALE
ANDECHS DOPPELBOCK 7%;BIRRE BOTTIGLIA;NO;ATB;2,33;0,5;1;10;
BRAULIO;AMARO;NO;DIBE;14,53;1;1;10;
ANIMA NERA;LIQUORE;NO;ATB;16,1;0,7;1;10;
BRAULIO RISERVA;AMARO;NO;DIBE;17,16;0,7;1;10;
APEROL;COKTAIL;NO;ATB;9,63;1;1;10;
APEROL;SUPER ALCOLICI;SI;LEVA;11,08;1;1;10;PER COKTAIL
ARANCIATA AMARA;BIBITE;NO;LEVA;0,39;0,33;1;10;
DI SARONNO;AMARO;NO;DIBE;16,32;1;1;10;
ARANCIATA AMARA;BIBITE;NO;ATB;0,42;0,33;1;10;
ARANCIATA DOLCE;BIBITE;NO;LEVA;0,39;0,33;1;10;
ARANCIATA DOLCE;BIBITE;NO;ATB;0,42;0,33;1;10;
JAGERMEISTER;AMARO;NO;DIBE;14,56;1;1;10;
MONTENEGRO;AMARO;NO;DIBE;10,9;0,7;1;10;
ASSENZIO;DISTILLATO;NO;ATB;0;1;1;10;
ASSENZIO;SUPER ALCOLICI;NO;LEVA;17,37;1;1;10;
GUINNESS STOUT 4,2;BIRRE FUSTO;NO;ATB;109,65;30;1;10;STOUT
AVERNA;AMARO;NO;LEVA;15,1;1;1;10;
RAMAZZOTTI;AMARO;NO;DIBE;13,48;1;1;10;AMARO
AVERNA;AMARO;NO;ATB;13,63;1;1;10;
AYINGER CELEBRATOR 6.7°;BIRRE BOTTIGLIA;NO;LA CENTRALE DEL GUSTO;1,52;0,33;1;10;DPPELBOCK DUNKEL
UNICUM;AMARO;NO;DIBE;14,55;1;1;10;AMARO
BAILEYS;LIQUORE;NO;ATB;13,74;1;1;10;
BAILEYS;SUPER ALCOLICI;SI;LEVA;14,99;1;1;10;LIQUORE
ARANCIATA AMARA;BIBITE;NO;DIBE;0,41;0,33;1;10;
ARANCIATA FANTA;BIBITE;NO;DIBE;0,53;0,33;1;10;
BARBERA D'ASTI;VINI;NO;LEVA;2,91;0,75;1;10;ROSSO
BARBERA D'ASTI;VINI;NO;ATB;2,43;0,75;1;10;
BATIDA DI COCCO;SUPER ALCOLICI;NO;LEVA;9,16;0,7;1;10;PER COKTAIL
CHINOTTO LAT;BIBITE;NO;DIBE;0,45;0,33;1;10;
HAKER PSCHORR GOLD 5,5 %;BIRRE FUSTO;NO;ATB;81,75;30;1;10;LAGER
COCA COLA 0,20 VETRO;BIBITE;NO;DIBE;0,51;0,2;1;10;
COCA COLA VETRO 33 CL;BIBITE;NO;DIBE;0,53;0,33;1;10;
BATIDA DI COCCO;COKTAIL;NO;ATB;0;0,5;1;10;
HAKER PSCHORR KELLER 5,5 %;BIRRE FUSTO;NO;ATB;85,77;30;1;10;KELLER
HAKER PSCHORR MARZEN 5,5 %;BIRRE FUSTO;NO;ATB;66;20;1;10;MARZEN
HAKER PSCHORR MARZEN 5,5 %;BIRRE FUSTO;NO;ATB;0;30;1;10;MARZEN
COCA COLA ZERO VETRO 33 CL;BIBITE;NO;DIBE;0,53;0,33;1;10;
BIEKEN 8,5 %;BIRRE BOTTIGLIA;NO;LA CENTRALE DEL GUSTO;1,94;0,33;1;10;STRONG ALE
BIEKEN 8,5 %;BIRRE BOTTIGLIA;NO;ATB;1,73;0,33;1;10;
BIRRA ANTONIANA SCUDATA 5%;BIRRE BOTTIGLIA;NO;METRO;2,59;0,66;1;10;KELLER
BIRRA COBRA 5%;BIRRE BOTTIGLIA;NO;METRO;0,95;0,33;1;10;LAGHER
BIRRA CRUS 7,2 %;BIRRE BOTTIGLIA;NO;METRO;3,79;0,75;1;10;ALE
HAKER PSCHORR OKTOBERFESTBIER 6%;BIRRE FUSTO;NO;ATB;0;30;1;10;LAGER
HAKER PSCHORR WEISSE 5,2;BIRRE FUSTO;NO;ATB;0;20;1;10;WEISSE
HB URBOCK;BIRRE FUSTO;NO;ATB;0;20;1;10;BOCK DUNKELL
HB WEIZEN 5,1 %;BIRRE FUSTO;NO;ATB;69;20;1;10;WEISSE
CRODINO;BIBITE;NO;DIBE;0,47;0,33;1;10;
LEMONSODA 18 VETRO;BIBITE;NO;DIBE;0,5;0,2;1;10;
LEMONSODA LAT 33;BIBITE;NO;DIBE;0,53;0,33;1;10;
BLOMENBIER;BIRRE BOTTIGLIA;SI;LA CENTRALE DEL GUSTO;2,07;0,33;1;10;STRONG ALE
RED BULL 25 LAT;BIBITE;NO;DIBE;1,01;0,33;1;10;
SCHWEPPES TONICA 18 VETRO;BIBITE;NO;DIBE;0,5;0,18;1;10;
BIRRA SENZA GLUTINE - DA TROVARE;BIRRE BOTTIGLIA;NO;METRO;0;0,5;1;10;
BIRRA SENZA GLUTINE - DAURA;BIRRE BOTTIGLIA;NO;TIGROS;0;0,5;1;10;LAGER
BIRRA SENZA GLUTINE AMBER 33 CL;BIRRE BOTTIGLIA;NO;METRO;1,79;0,33;1;10;AMBER
BIRRA SENZA GLUTINE BLONDE CL;BIRRE BOTTIGLIA;NO;METRO;1,79;0,33;1;10;BLONG
BIRRA SENZA GLUTINE WHITE CL;BIRRE BOTTIGLIA;NO;METRO;1,79;0,33;1;10;WEISSE
SCHWEPPES TONICA 33;BIBITE;NO;DIBE;0,51;0,33;1;10;
BITTER CAMPARI;COKTAIL;NO;ATB;13,1;1;1;10;
BJORNE;BIRRE BOTTIGLIA;NO;METRO;1,65;0,5;1;10;
BLACK SHEEP GOLDEN SHEEP;BIRRE BOTTIGLIA;NO;ATB;2;0,5;1;10;
BLACK SHEEP HOLY GRAIN;BIRRE BOTTIGLIA;NO;ATB;3;0,5;1;10;
BLACK SHEEP RIGGWELTER;BIRRE BOTTIGLIA;NO;ATB;3;0,5;1;10;
BLACK SHEEP SPECIAL ALE;BIRRE BOTTIGLIA;NO;ATB;3;0,5;1;10;
IPA BEHOP;BIRRE FUSTO;NO;ATB;0;30;1;10;IPA
BLANCHE DES NEIGELS 5 %;BIRRE BOTTIGLIA;NO;ATB;1,27;0,33;1;10;
SPRITE;BIBITE;NO;DIBE;0,53;0,33;1;10;
BLOEMENBIER;BIRRE BOTTIGLIA;NO;ATB;2,08;0,33;1;10;
BOON OUDE GEUZE;BIRRE BOTTIGLIA;SI;LA CENTRALE DEL GUSTO;2,24;0,25;1;10;GEUZE
BLUE MOON 5,4 %;BIRRE BOTTIGLIA;NO;METRO;1,19;0,33;1;10;BLANCHE
BOLS BLUE;SUPER ALCOLICI;NO;LEVA;9,1;0,7;1;10;PER COKTAIL
BOLS BLUE;COKTAIL;NO;ATB;9,75;0,7;1;10;
THE LIMONE - LIPTON NO BUONO;BIBITE;NO;DIBE;0,45;0,33;1;10;BIBITE
BRANCAMENTA;SUPER ALCOLICI;SI;LEVA;15,69;1;1;10;
THE PESCA - LIPTON NO BUONO;BIBITE;NO;DIBE;0,47;0,33;1;10;
KWACK;BIRRE FUSTO;NO;ATB;130,77;30;1;10;BELGIAN ALE
LA RULLES TRIPEL 8,4;BIRRE FUSTO;NO;ATB;103,2;20;1;10;TRIPEL
LONDON PRIDE;BIRRE FUSTO;NO;ATB;0;16;1;10;BITTER ALE
LUPULUS HIBERNATUS;BIRRE FUSTO;NO;ATB;103,68;20;1;10;BELGIAN ALE DI NATALE
BOOK CHIARA 5,5 %;BIRRE BOTTIGLIA;NO;ATB;1,13;0,33;1;10;
BOOK CHIARA 5,5 %;BIRRE BOTTIGLIA;NO;CDA;0,6;0,33;1;10;
BOON OUDE GEUZE;BIRRE BOTTIGLIA;NO;LA CENTRALE DEL GUSTO;3,14;0,38;1;10;GEUZE
CANTILLON GEUZE LAMBIC;BIRRE BOTTIGLIA;SI;LA CENTRALE DEL GUSTO;7,1;0,38;1;10;GEUZE
BRAULIO;SUPER ALCOLICI;SI;LEVA;13,31;1;1;10;
BRANCAMENTA;AMARO;NO;ATB;15,2;1;1;10;
25 12 NATALIZIA;BIRRE BOTTIGLIA;IN PROGRAMMA;DIBE;0;0,33;1;10;
BRAULIO RISERVA;AMARO;NO;LEVA;15,9;0,7;1;10;
BIRRA DEL BORGO DUCHESSA;BIRRE BOTTIGLIA;SI;DIBE;2,11;0,33;1;10;SAISON
BRAULIO;AMARO;NO;ATB;13,5;1;1;10;
CACHACA PIRASSUNGA;SUPER ALCOLICI;NO;LEVA;12,05;1;1;10;PER COKTAIL
BIRRA DEL BORGO LISA;BIRRE BOTTIGLIA;SI;DIBE;1,16;0,33;1;10;LAGER
PFERDEN LAGER;BIRRE FUSTO;NO;ATB;0;30;1;10;LAGHER
ROTHAUS PILS;BIRRE FUSTO;NO;ATB;0;20;1;10;PILS
BROUWERIJ KEES SESSION IPA;BIRRE BOTTIGLIA;NO;LA CENTRALE DEL GUSTO;1,94;0,33;1;10;SESSION IPA
BRUT SPUMANTE COLLER;VINI;NO;ATB;2,67;0,75;1;10;
BUSH THE NOEL 12°;BIRRE BOTTIGLIA;NO;LA CENTRALE DEL GUSTO;2,17;0,33;1;10;CHRISTMAS STRONG ALE
ST. BENOIT AMBREE;BIRRE FUSTO;NO;ATB;0;16;1;10;BELGIAN ALE
BWG CLOCK WORK TANGERNE;BIRRE BOTTIGLIA;NO;METRO;1,95;0,5;1;10;
BWG DEAD PONY CLUB;BIRRE BOTTIGLIA;NO;METRO;1,99;0,5;1;10;
BWG LOST LAGER;BIRRE BOTTIGLIA;NO;METRO;1,85;0,5;1;10;
BWG PUNK IPA;BIRRE BOTTIGLIA;NO;METRO;2,09;0,5;1;10;
CAFFE' BORGHETTI;SUPER ALCOLICI;SI;LEVA;13,02;1;1;10;LIQUORE
BIRRA DEL BORGO MALEDETTA;BIRRE BOTTIGLIA;SI;DIBE;1,98;0,33;1;10;BELGIAN ALE ROSSA
CAMPARI SODA;BIBITE;SI;LEVA;0,81;0,098;1;10;
CAMPARI BITTER;SUPER ALCOLICI;SI;LEVA;14,49;1;1;10;PER COKTAIL
CAFFE' BORGHETTI;LIQUORE;NO;ATB;12,9;1;1;10;
CAFFE' CIALDE;CAFFETTERIA;SI;COFFEE POINT;42;1,05;1;10;0,28 € A CIALDA 7 gr
CAFFE' CIALDE - DEC;CAFFETTERIA;SI;COFFEE POINT;42;1,05;1;10;0,28 € A CIALDA
CHARDONNAY;VINI;NO;LEVA;2,6;0,75;1;10;
CHIANTI MELINI;VINI;NO;LEVA;3,68;0,75;1;10;ROSSO FERMO
BIRRA DEL BORGO RE ALE 6,4;BIRRE BOTTIGLIA;SI;DIBE;2,1;0,33;1;10;IPA
CAMPARI SODA;BIBITE;NO;ATB;0;0,33;1;10;0,007
DELIRIUM RED;BIRRE BOTTIGLIA;SI;LA CENTRALE DEL GUSTO;2,32;0,33;1;10;KRIEK
CHINOTTO SAN PELLEGRINO LAT;BIBITE;SI;LEVA;0,39;0,33;1;10;
BIRRA DEL BORGO MY ANTONIA;BIRRE BOTTIGLIA;IN PROGRAMMA;DIBE;2,26;0,33;1;10;IMPERIAL PILS
CHARDONNAY;VINI;NO;ATB;2,33;0,75;1;10;
BIRRA DEL BORGO REALE EXTRA;BIRRE BOTTIGLIA;IN PROGRAMMA;DIBE;0;0,33;1;10;IPA
BLOEMBIER;BIRRE BOTTIGLIA;NO;DIBE;2,31;0,33;1;10;
CHIANTI DOCG;VINI;NO;ATB;3,25;0,75;1;10;
BOCK CHIARA 5 LUPPOLI;BIRRE BOTTIGLIA;SI;DIBE;0,52;0,33;1;10;
COCA COLA LAT 0,20;BIBITE;SI;LEVA;0,37;0,2;1;10;
ST. BERNARDUS CHRISTMAS;BIRRE FUSTO;NO;ATB;107,52;20;1;10;BELGIAN ALE DI NATALE
CHOUFFE HUBLON;BIRRE BOTTIGLIA;IN PROGRAMMA;DIBE;2,53;0,33;1;10;
CHINOTTO LAT;BIBITE;NO;ATB;0,42;0,33;1;10;
COCA COLA LATT;BIBITE;NO;LEVA;0,47;0,33;1;10;
CORONA 4,6%;BIRRE BOTTIGLIA;IN PROGRAMMA;DIBE;1,16;0,33;1;10;LAGHER
TENNENT'S SUPER 9,0;BIRRE FUSTO;NO;ATB;110,4;30;1;10;STRONG LAGER
CIOCCOLATA - CIOBAR;CAFFETTERIA;SI;CDA;0;0,5;1;10;
DELIRIUM NOCTURNE;BIRRE BOTTIGLIA;IN PROGRAMMA;DIBE;2,28;0,33;1;10;
COCA COLA 150 cl;BIBITE;NO;CDA;0;0,33;1;10;
COCA COLA LAT;BIBITE;NO;ATB;0,5;0,33;1;10;
COCA COLA VETRO 20 CL;BIBITE;NO;LEVA;0;0,2;1;10;
COCA COLA LAT 0,20;BIBITE;NO;ATB;0,42;0,2;1;10;
COCA COLA VETRO 33 CL;BIBITE;SI;LEVA;0,56;0,33;1;10;
COCA COLA ZERO LAT;BIBITE;NO;LEVA;0,43;0,33;1;10;
COCA COLA ZERO VETRO 33 CL;BIBITE;SI;LEVA;0,56;0,33;1;10;
DELIRIUM RED;BIRRE BOTTIGLIA;IN PROGRAMMA;DIBE;2,28;0,33;1;10;
COGNAC COURVASIEUR;SUPER ALCOLICI;NO;LEVA;19,92;1;1;10;
COCA COLA ZERO LAT;BIBITE;NO;ATB;0,5;0,33;1;10;
DELIRIUM TREMENS;BIRRE BOTTIGLIA;IN PROGRAMMA;DIBE;2,28;0,33;1;10;
THATCHERS SIDRO HAZE - LAT;BIRRE BOTTIGLIA;SI;DIBE;2,12;0,44;1;10;
CRODINO;BIBITE;SI;LEVA;0,5;0,1;1;10;
CONTREAU;SUPER ALCOLICI;NO;LEVA;20,11;1;1;10;LIQUORE
THATCHERS SIDRO ROSE' - LAT;BIRRE BOTTIGLIA;SI;DIBE;2,15;0,44;1;10;
LA TRAPPE DUBBEL;BIRRE BOTTIGLIA;IN PROGRAMMA;DIBE;2;0,33;1;10;
CONTREAU;LIQUORE;NO;ATB;18,83;1;1;10;
CORONA 4,6%;BIRRE BOTTIGLIA;NO;ATB;1,33;0,33;1;10;
CORONA 4,6%;BIRRE BOTTIGLIA;NO;CDA;0,79;0,33;1;10;
LEFFE AMBREE 6,6;BIRRE BOTTIGLIA;IN PROGRAMMA;DIBE;1,47;0,33;1;10;
LEFFE RITUEL 9,0;BIRRE BOTTIGLIA;IN PROGRAMMA;DIBE;0;0,75;1;10;
DOLCETTO D'ALBA;VINI;NO;LEVA;4,54;0,75;1;10;
LEFFE TRIPEL 8,5;BIRRE BOTTIGLIA;IN PROGRAMMA;DIBE;1,67;0,33;1;10;
CRODINO;BIBITE;NO;ATB;0;0,33;1;10;
DAURA;BIRRE BOTTIGLIA;NO;METRO;1,79;0,33;1;10;
DE DOLLE ARA BIER;BIRRE BOTTIGLIA;NO;LA CENTRALE DEL GUSTO;2,4;0,33;1;10;IPA
DE DOLLE DULLE TEVE;BIRRE BOTTIGLIA;NO;LA CENTRALE DEL GUSTO;2,52;0,33;1;10;TRIPEL
DE DOLLE STILLE NACHT 12°;BIRRE BOTTIGLIA;NATALE;LA CENTRALE DEL GUSTO;3,69;0,33;1;10;CHRISTMAS STRONG ALE
LIEFMANS FRUITESSE;BIRRE BOTTIGLIA;IN PROGRAMMA;DIBE;1,82;0,25;1;10;
DE RANKE PER NOEL;BIRRE BOTTIGLIA;NO;LA CENTRALE DEL GUSTO;2,28;0,33;1;10;CHRISTMAS STRONG ALE
LIEFMANS GOUDENBRAND;BIRRE BOTTIGLIA;IN PROGRAMMA;DIBE;3,22;0,375;1;10;
LIEFMANS KRIECK;BIRRE BOTTIGLIA;NATALE;DIBE;7,01;0,75;1;10;
LOWLANDER WINTER I.P.A.;BIRRE BOTTIGLIA;NATALE;DIBE;2,66;0,33;1;10;
MONGOZO;BIRRE BOTTIGLIA;NO;DIBE;1,78;0,33;1;10;
DELIRIUM NOEL;BIRRE BOTTIGLIA;NATALE;LA CENTRALE DEL GUSTO;2,32;0,33;1;10;
DELIRIUM TREMENS;BIRRE BOTTIGLIA;SI;LA CENTRALE DEL GUSTO;2,12;0,33;1;10;TRIPEL
MORREL'S SCOTCH ALE;BIRRE BOTTIGLIA;IN PROGRAMMA;DIBE;1,87;0,33;1;10;
Delirium Red 9 %;BIRRE BOTTIGLIA;NO;ATB;1,09;0,33;1;10;
LUPULUS BLANCE;BIRRE BOTTIGLIA;SI;LA CENTRALE DEL GUSTO;1,77;0,33;1;10;
DELIRIUM TREMENS;BIRRE BOTTIGLIA;NO;LA CENTRALE DEL GUSTO;2,05;0,33;1;10;TRIPEL
DI SARONNO;SUPER ALCOLICI;SI;LEVA;17,56;1;1;10;
ORVAL 6,2 %;BIRRE BOTTIGLIA;IN PROGRAMMA;DIBE;2,18;0,33;1;10;
FALANGHINA DEL BEN IGT;VINI;NO;LEVA;3,47;0,75;1;10;BIANCO FERMO
DI SARONNO;AMARO;NO;ATB;17,2;1;1;10;
ROCHEFORT 06;BIRRE BOTTIGLIA;IN PROGRAMMA;DIBE;2,25;0,33;1;10;
DNA IPA 4,5%;BIRRE BOTTIGLIA;NO;METRO;1,79;0,33;1;10;IPA
FANTA VETRO 33 CL;BIBITE;SI;LEVA;0,56;0,33;1;10;
DOLCETTO D'ALBA;VINI;NO;ATB;2,5;0,75;1;10;
ROCHEFORT 08;BIRRE BOTTIGLIA;IN PROGRAMMA;DIBE;2,57;0,33;1;10;
ROCHEFORT 10;BIRRE BOTTIGLIA;IN PROGRAMMA;DIBE;3,28;0,33;1;10;
DOM BYRON FEBUS PILS;BIRRE BOTTIGLIA;NO;LA CENTRALE DEL GUSTO;1,42;0,33;1;10;PILS
DOM BYRON ICARIUS IPA;BIRRE BOTTIGLIA;NO;LA CENTRALE DEL GUSTO;1,55;0,33;1;10;IPA
DUVEL TRIPEL BLONDE;BIRRE BOTTIGLIA;NO;LA CENTRALE DEL GUSTO;0,5;0,33;1;10;TRIPEL
SHEPHERD NAME IPA;BIRRE BOTTIGLIA;IN PROGRAMMA;DIBE;2,5;0,5;1;10;IPA
SIDRO THATCHERS GOLD;BIRRE BOTTIGLIA;NO;DIBE;2,8;0,5;1;10;SIDRO
FRATELLI VENA - LIQUIRIZIA;SUPER ALCOLICI;NO;LEVA;14,38;0,7;1;10;
FALANGHINA DEL BEN IGT;VINI;NO;ATB;3;0,75;1;10;
THATCHERS SIDRO HAZE - BOT;BIRRE BOTTIGLIA;NO;DIBE;2,83;0,5;1;10;
FRATELLI VENA - MIRTO;SUPER ALCOLICI;SI;LEVA;11,77;0,7;1;10;
FRANZISKANER KELLER 5,2;BIRRE FUSTO;IN PROGRAMMA;DIBE;52,52;18;1;10;0.30-0.50-1 - KELLER
FRANZISKANER KELLER 5,2;BIRRE FUSTO;SI;DIBE;36,94;12;1;10;0.30-0.50-1 - KELLER
FRANZISKANER WEISSE 5,0;BIRRE FUSTO;IN PROGRAMMA;DIBE;65,7;30;1;10;0.30-0.50-1 WEISSE
FRANZISKANER WEISSE 5,0;BIRRE FUSTO;SI;DIBE;72,68;30;1;10;0.30-0.50-1 WEISSE
GOOSE IPA 5,9;BIRRE FUSTO;IN PROGRAMMA;DIBE;65,8;20;1;10;0.25-0.4 OBB 0.355 IPA
GOOSE IPA 5,9;BIRRE FUSTO;SI;DIBE;75,25;20;1;10;0.25-0.4 OBB 0.355 IPA
GIN BOSFORD;SUPER ALCOLICI;NO;LEVA;9,54;1;1;10;
GUINNESS STOUT 4,2;BIRRE FUSTO;IN PROGRAMMA;DIBE;95,34;30;1;10;0,25-0.50
GAZZOSA GUIZZA;BIBITE;SI;CDA;0,38;1,5;1;10;
GIN GORDON'S;SUPER ALCOLICI;SI;LEVA;12,33;1;1;10;
GUINNESS STOUT 4,2;BIRRE FUSTO;SI;DIBE;103,77;30;1;10;98,76
GIN HEMP;SUPER ALCOLICI;SI;ROSSI D'ANGERA;24,31;0,7;1;10;GIN
GIN HENDRICK'S;SUPER ALCOLICI;SI;LEVA;27,04;0,7;1;10;
GIN GORDON'S;GIN;NO;ATB;11;1;1;10;
GIN LARIO'S DRY;SUPER ALCOLICI;NO;LEVA;9,54;1;1;10;
GIN LATITUDINE 45°;SUPER ALCOLICI;SI;ROSSI D'ANGERA;23,31;0,7;1;10;GIN
GIN MALFY ARANCIA;SUPER ALCOLICI;SI;LEVA;25,33;0,7;1;10;
GIN MALFY LIMONE;SUPER ALCOLICI;SI;LEVA;25,33;0,7;1;10;
GIN MALFY POMPELMO ROSA;SUPER ALCOLICI;SI;LEVA;25,33;0,7;1;10;
GIN MOMBASA;SUPER ALCOLICI;NO;LEVA;25,43;0,7;1;10;
GIN PROFESSORE CROCODILE;SUPER ALCOLICI;SI;LEVA;32,31;0,7;1;10;
GIN PROFESSORE MESSIEU;SUPER ALCOLICI;SI;LEVA;39,09;0,7;1;10;
GIN SHAPPIRE;SUPER ALCOLICI;NO;LEVA;17,26;1;1;10;
GIN ROKU;SUPER ALCOLICI;NO;CDA;17,9;0,7;1;10;
GIN TANQUERAY;SUPER ALCOLICI;SI;LEVA;17,09;1;1;10;
GIN SHAPPIRE;GIN;NO;ATB;18,67;1;1;10;
LEFFE BLONDE 6,6;BIRRE FUSTO;IN PROGRAMMA;DIBE;58,13;20;1;10;0.25-0.33-0.50
GIN TANQUERAY SEVILLA;SUPER ALCOLICI;SI;LEVA;20,95;0,7;1;10;12 porzioni di gin tonic
GIN TANQUERAY;GIN;NO;ATB;15,55;1;1;10;
GIN VINE;SUPER ALCOLICI;NO;LEVA;24,56;0,7;1;10;
GOCCIA NERA - LIQUIRIZIA;SUPER ALCOLICI;NO;LEVA;10;0,7;1;10;
LEFFE BLONDE 6,6;BIRRE FUSTO;SI;DIBE;63,81;20;1;10;0.25-0.33-0.50
LEFFE ROUGE 6,6;BIRRE FUSTO;IN PROGRAMMA;DIBE;58,49;20;1;10;0.25-0.33-0.50 - AMBER ALE
LEFFE ROUGE 6,6;BIRRE FUSTO;SI;DIBE;64,16;20;1;10;0.25-0.33-0.50 - AMBER ALE
LOWENBRAU - PILS 5,2;BIRRE FUSTO;IN PROGRAMMA;DIBE;62,2;30;1;10;0.2-0.4.1
GOUDEN CAROLUS CHRISTMAS;BIRRE BOTTIGLIA;NATALE;LA CENTRALE DEL GUSTO;2,32;0,33;1;10;BELGIAN ALE DI NATALE
CHOUFFE N'ICE;BIRRE FUSTO;NATALE;DIBE;96,97;20;1;10;
GRAPPA AL MIELE - ROSSI D'ANGERA;SUPER ALCOLICI;SI;ROSSI D'ANGERA;8,5;0,5;1;10;LIQUORE
GRAPPA AMBRATA AMANDOLA - NEBBIOLO;SUPER ALCOLICI;NO;ROSSI D'ANGERA;23,09;0,7;1;10;LIQUORE
HENDRICK'S GIN;GIN;NO;DIBE;27,6;0,7;1;10;
PRINCIPIUM;AMARO;NO;DIBE;27,6;0,7;1;10;
GRAPPA BERGHEM AL MIELE;SUPER ALCOLICI;NO;CDA;9,14;0,7;1;10;
LOWENBRAU - PILS 5,2;BIRRE FUSTO;SI;DIBE;67,64;30;1;10;0.2-0.4.1
GRAPPA BIANCA FALED;DISTILLATO;NO;ATB;8,06;1;1;10;
GRAPPA BIANCA - GENTILE - ROSSI D'ANGERA;SUPER ALCOLICI;NO;ROSSI D'ANGERA;14,19;1;1;10;LIQUORE
TENNENT'S SUPER 9,0;BIRRE FUSTO;IN PROGRAMMA;DIBE;86,66;30;1;10;0.2-0.4-1
GRAPPA GENTILE - MOSCATO;SUPER ALCOLICI;NO;ROSSI D'ANGERA;12,85;0,7;1;10;LIQUORE
TENNENT'S SUPER 9,0;BIRRE FUSTO;SI;DIBE;92,47;30;1;10;0.2-0.4-1
GRAPPA GIOVANE - SECCA;SUPER ALCOLICI;NO;ROSSI D'ANGERA;13,45;0,7;1;10;LIQUORE
GRAPPA STRAVECCHIA RISERVA;SUPER ALCOLICI;SI;ROSSI D'ANGERA;9,8;0,7;1;10;LIQUORE
GRAPPA RISERVA AMBRATA - ROSSI D'ANGERA;SUPER ALCOLICI;NO;ROSSI D'ANGERA;12,89;0,7;1;10;LIQUORE
GRAPPA GIALLA JULIA;DISTILLATO;NO;ATB;9,2;0,7;1;10;
GRAPPA JULIA INVECCHIATA;SUPER ALCOLICI;NO;LEVA;9,08;0,7;1;10;
HOEGAARDEN 4,9 %;BIRRE FUSTO;IN PROGRAMMA;DIBE;54,6;20;1;10;0.25-0.5 BLANCE
GRAPPA BIANCA;SUPER ALCOLICI;SI;ROSSI D'ANGERA;10;1;1;10;LIQUORE
GRAPPA RISERVA PERSONALE;SUPER ALCOLICI;NO;ROSSI D'ANGERA;25,09;0,7;1;10;LIQUORE
GRAPPA RISERVA LA VENETA SCURA;SUPER ALCOLICI;NO;LEVA;13,56;1,5;1;10;GRAPPA
GRAPPA ZINI ALPINO;SUPER ALCOLICI;SI;LEVA;9,43;1;1;10;
HOEGAARDEN 4,9 %;BIRRE FUSTO;SI;DIBE;60,7;20;1;10;0.25-0.5 BLANCE
LOWEMBRAU TRIUMPHATOR 7,6;BIRRE FUSTO;NO;DIBE;80,83;30;1;10;0.2-04-1 DOPPELBOCK DUNKEL
GREENS - AMBER - NO GLUTINE;BIRRE BOTTIGLIA;NO;LA CENTRALE DEL GUSTO;2,63;0,33;1;10;AMBER ALE
GREENS - DRY HOPPER LAGER - NO GLUTINE;BIRRE BOTTIGLIA;NO;LA CENTRALE DEL GUSTO;2,47;0,33;1;10;LAGHER
GREENS - PILS - NO GLUTINE;BIRRE BOTTIGLIA;NO;LA CENTRALE DEL GUSTO;2,63;0,33;1;10;PILS
GREVEENSTEINER;BIRRE BOTTIGLIA;NO;METRO;1,55;0,5;1;10;
BELGICA DOUBLE BRUNE 7,3 °;BIRRE FUSTO;NO;DIBE;66,8;20;1;10;BRUNE
BELGICA DOUBLE TRIPEL 8,5°;BIRRE FUSTO;NO;DIBE;74;20;1;10;MARZEN
Tennent's OASK;BIRRE FUSTO;NO;DIBE;0;30;1;10;STRONG LAGHER
SPATEN PREMIUM BOCK 7,5;BIRRE FUSTO;NO;DIBE;79,07;30;1;10;BOCK CHIARA
AUGUSTINER HELL;BIRRE FUSTO;NO;DIBE;95;30;1;10;LAGHER
BASS BEST SCOTCH;BIRRE FUSTO;NO;DIBE;92,2;30;1;10;SCOTCH ALE DONEGAL GALLARATE
BIRRA DEL BORGO - LISA 5,0;BIRRE FUSTO;IN PROGRAMMA;DIBE;56,97;20;1;10;LAGER
BIRRA DEL BORGO - MALEDETTA 6,2;BIRRE FUSTO;IN PROGRAMMA;DIBE;71,48;20;1;10;
BIRRA DEL BORGO - MY ANTONIA 7,5;BIRRE FUSTO;NO;DIBE;77,07;20;1;10;IMPERIAL PILSNER
BIRRA DEL BORGO - RE ALE 6,4;BIRRE FUSTO;NO;DIBE;73,3;20;1;10;IPA
BIRRA DEL BORGO DUCHESSA;BIRRE FUSTO;NO;DIBE;79;20;1;10;SAISON
BOMBOLA CARBO AZOTO - 5 LT;BIRRE FUSTO;SI;DIBE;28,99;5;1;10;
BOMBOLA CO2 - 10 KG;BIRRE FUSTO;SI;DIBE;50,38;10;1;10;
CHIMAY ROUGE;BIRRE FUSTO;NO;DIBE;100;20;1;10;TRAPPIST
CHIMAY TRIPEL;BIRRE FUSTO;NO;DIBE;109;20;1;10;TRAPPIST
HELECINE BLONDE;BIRRE BOTTIGLIA;NO;METRO;1,73;0,5;1;10;
HELECINE BRUNE;BIRRE BOTTIGLIA;NO;METRO;1,85;0,5;1;10;
FRANZISKANER DUNKEL;BIRRE FUSTO;NO;DIBE;79,8;30;1;10;JHONNY FOX DUNKEL WEISSE
HOEGAARDEN 4,9 %;BIRRE BOTTIGLIA;NO;TIGROS;1,07;0,33;1;10;BLANCHE
GOLDEN PRIDE;BIRRE FUSTO;NO;DIBE;77,82;16;1;10;STRONG ALE
GROLSCH;BIRRE FUSTO;NO;DIBE;90,41;30;1;10;lager
IRON MAIDEN 4,7 %;BIRRE BOTTIGLIA;NO;ATB;3,7;0,33;1;10;
GROLSCH WEIZEN;BIRRE FUSTO;NO;DIBE;73,48;20;1;10;weizen
KENT GOLDEN ALE;BIRRE FUSTO;NO;DIBE;0;20;1;10;GOLDEN ALE
JACK DANIEL'S;WHISKEY;NO;ATB;22,88;1;1;10;
JAGERMEISTER;SUPER ALCOLICI;SI;LEVA;16,96;1;1;10;
JAGERMEISTER;AMARO;NO;ATB;14,33;1;1;10;
KONIG BIONDA;BIRRE FUSTO;NO;DIBE;47,12;30;1;10;LAGER
KARMELIET 8,4%- 33 cl;BIRRE BOTTIGLIA;NO;ATB;1,92;0,33;1;10;
KARMELIET 8,4%- 75 cl;BIRRE BOTTIGLIA;NO;METRO;4,89;0,33;1;10;TRIPEL
LOWEMBRAU MARZEN;BIRRE FUSTO;OKTOBERFEST;DIBE;71,17;30;1;10;
KESS SESSION IPA;BIRRE BOTTIGLIA;NO;LA CENTRALE DEL GUSTO;1,94;0,33;1;10;SESSION IPA
LOWEMBRAU TRIUMPHATOR 7,6;BIRRE FUSTO;NATALE;DIBE;77,55;30;1;10;0.2-04-1 DOPPELBOCK DUNKEL
KIRIN ICHIBAN 5%;BIRRE BOTTIGLIA;NO;METRO;1,09;0,33;1;10;LAGHER
LA CHOUFFE - BLONDE 8,5;BIRRE FUSTO;NO;DIBE;93,62;20;1;10;TRIPEL
KRAKEN;SUPER ALCOLICI;SI;LEVA;17,84;0,7;1;10;
LA COUFFE;BIRRE FUSTO;DA VALUTARE;DIBE;90,9;20;1;10;
LA TRAPPE TRIPEL;BIRRE FUSTO;DA VALUTARE;DIBE;89,45;20;1;10;
KWACK;BIRRE BOTTIGLIA;NO;LA CENTRALE DEL GUSTO;1,9;0,33;1;10;AMBER ALE
LA BINCIOISE SPECIALE NOEL 8.5°;BIRRE BOTTIGLIA;NO;LA CENTRALE DEL GUSTO;2,12;0,33;1;10;CHRISTMAS AMBER ALE
LOWENBRAU MARZEN;BIRRE FUSTO;OKTOBERFEST;DIBE;77,36;30;1;10;
LOWENBRAU OKTOBERFEST;BIRRE FUSTO;OKTOBERFEST;DIBE;77,12;30;1;10;
LEFFE AMBREE 6,6;BIRRE FUSTO;NO;DIBE;64,4;20;1;10;BELGIAN AMBER
MAREDSOUS - NATALE 10;BIRRE FUSTO;NATALE;DIBE;92,38;20;1;10;BICCHIERE DA 0.33
LEFFE RITUEL 9,0;BIRRE FUSTO;NO;DIBE;91,6;20;1;10;BELGIAN STRONG ALE
LEFFE ROYALE;BIRRE FUSTO;NO;DIBE;86,51;20;1;10;BELGIAN ALE
LONDON PRIDE;BIRRE FUSTO;NO;DIBE;63,62;16;1;10;bitter ale
PORTERHOUSE NITRO RED ALE;BIRRE FUSTO;ST PATRICK;DIBE;87,23;20;1;10;
LA MERE NOEL;BIRRE BOTTIGLIA;NO;LA CENTRALE DEL GUSTO;2,41;0,33;1;10;
PORTERHOUSE PLAYN PORTER;BIRRE FUSTO;ST PATRICK;DIBE;84,03;20;1;10;
PORTERHOUSE TEMPLE LAGER;BIRRE FUSTO;ST PATRICK;DIBE;86,02;20;1;10;
LUPOR KELLER;BIRRE FUSTO;NO;DIBE;0;20;1;10;KELLER
MEANDTIME IPA;BIRRE FUSTO;NO;DIBE;86,39;16;1;10;ipa
MEANTIME YAKIMA RED;BIRRE FUSTO;NO;DIBE;69,11;16;1;10;red ale
PILSNER URQUELL 4,4%;BIRRE FUSTO;NO;DIBE;100,67;30;1;10;pils
LATTE;CAFFETTERIA;SI;CDA;0;0,5;1;10;
LATTE CERRI 1000 UHT;CAFFETTERIA;NO;CDA;0,99;1;1;10;
LATTE PARMALAT;CAFFETTERIA;SI;CDA;1,21;0,5;1;10;
SAISON DUPONT BIOLOGIUCHE;BIRRE FUSTO;NO;DIBE;0;20;1;10;TRIPEL
SCHNEIDER ORIGINAL WEISSE;BIRRE FUSTO;NO;DIBE;0;20;1;10;WEISSE
SCHNEIDER WEISSE;BIRRE FUSTO;NO;DIBE;0;20;1;10;WEISSE
LEFFE BLONDE;BIRRE BOTTIGLIA;NO;METRO;1,55;0,5;1;10;
SIERRA NEVADA TORPEDO IPA;BIRRE FUSTO;NO;DIBE;70,83;20;1;10;TROPICAL IPA
SIERRA NEVADA TROPICAL IPA;BIRRE FUSTO;NO;DIBE;85;20;1;10;TROPICAL IPA
ST. BENOIT AMBREE;BIRRE FUSTO;NO;DIBE;65,63;16;1;10;amber ale
ST. BERNARDUS CHRISTMAS;BIRRE FUSTO;NATALE;DIBE;95,92;20;1;10;
LEFFE ROUGE;BIRRE BOTTIGLIA;NO;METRO;1,35;0,5;1;10;
ST. BERNARDUS TRIPEL;BIRRE FUSTO;NATALE;DIBE;84,52;20;1;10;TRIPEL
ST. BENOIT BLANCHE;BIRRE FUSTO;NO;DIBE;62,66;16;1;10;blance
ST. BENOIT SUPREME;BIRRE FUSTO;NO;DIBE;65,16;16;1;10;tripel
LEFFE TRIPEL;BIRRE BOTTIGLIA;NO;METRO;1,55;0,5;1;10;
ST. BERNARDUS BLANCE;BIRRE FUSTO;NO;DIBE;0;20;1;10;BLANCE
LEMONSODA 18 VETRO;BIBITE;SI;LEVA;0,39;0,18;1;10;
LEMONSODA 18 VETRO;BIBITE;NO;ATB;0,42;0,2;1;10;
EKU28;BIRRE FUSTO;NATALE;DIBE;86;20;1;10;DOPPELBOCK
ABBAYE DE MALONNE FOGGY SMOKE 10,5%;BIRRE FUSTO;NATALE;DIBE;81;20;1;10;BRUNE
PIETRA ALLA CASTAGNA 6%;BIRRE FUSTO;NATALE;DIBE;71;20;1;10;LAGHER ALLA CASTAGNA
GAULOISE CHRISTMAS 8,1%;BIRRE FUSTO;NATALE;DIBE;80;20;1;10;TRIPEL
BIRRA ANTONIANA DI NATALE 7,2%;BIRRE FUSTO;NATALE;DIBE;69;20;1;10;RED ALE
ST. STEFANUS;BIRRE FUSTO;NO;DIBE;98,45;20;1;10;TRIPEL
LEMONSODA LAT 33;BIBITE;SI;LEVA;0,41;0,33;1;10;
LEMONSODA LAT 33;BIBITE;NO;ATB;0,44;0,33;1;10;
STELLA ARTOIS BIONDA;BIRRE FUSTO;NO;DIBE;62,1;30;1;10;LAGHER
STELLA ATOIS BIONDA;BIRRE FUSTO;NO;DIBE;79,86;30;1;10;LAGHER
TETE DE MORT - TRIPEL AMBER;BIRRE FUSTO;NO;DIBE;100,3;20;1;10;
TETE DE MORT - TRIPEL BLOND;BIRRE FUSTO;NO;DIBE;98,79;20;1;10;
LIMONCELLO;SUPER ALCOLICI;SI;CDA;10,62;2;1;10;
LIMONCELLO CAPRI;SUPER ALCOLICI;NO;LEVA;11,93;1;1;10;LIQUORE
LIMONCELLO;LIQUORE;NO;ATB;12;1;1;10;
LIMONCELLO DENIS;SUPER ALCOLICI;SI;LEVA;12,33;1,5;1;10;
WADWORTH 6X - AMBER ALE;BIRRE FUSTO;NO;DIBE;0;20;1;10;AMBER ALE
WADWORTH CORVUS - STOUT;BIRRE FUSTO;NO;DIBE;0;20;1;10;STOUT
ZUCCHERO LIQUIDO DI CANNA;CAFFETTERIA;NO;DIBE;5,39;0,75;1;10;
LIQUORE CHOUFFE;LIQUORE;NO;ATB;26,43;1;1;10;
LIQUORE DENIS ALLA LIQUIRIZIA;SUPER ALCOLICI;NO;LEVA;9,37;0,7;1;10;LIQUORE
LIQUORE DENIS ALLA LIQUIRIZIA;SUPER ALCOLICI;NO;LEVA;13,09;1;1;10;LIQUORE
LIQUORE LIQUIRIZIA;SUPER ALCOLICI;SI;CDA;8,32;0,7;1;10;
LIQUORE LIQUIRIZIA;LIQUORE;NO;ATB;0;1;1;10;
TEQUILA CUERVO;COCKTAIL;NO;DIBE;13,53;1;1;10;TEQUILA
APEROL;COKTAIL;NO;DIBE;9,51;1;1;10;
BATIDA DI COCCO;COKTAIL;NO;DIBE;12,02;1;1;10;
BITTER CAMPARI;COKTAIL;NO;DIBE;12,45;1;1;10;
BOLS BLUE;COKTAIL;NO;DIBE;9,21;0,7;1;10;
CACHACA PIRASSUNGA;COKTAIL;NO;DIBE;11,32;1;1;10;
CAMPARI SODA;COKTAIL;NO;DIBE;0,7;0,1;1;10;
MARTINI BIANCO;COKTAIL;NO;DIBE;6,5;1;1;10;
MARTINI ROSSO;COKTAIL;NO;DIBE;6,5;1;1;10;
ASSENZIO;DISTILLATO;NO;DIBE;16,83;0,7;1;10;
LUPULUS BRUNE 8,5 %;BIRRE BOTTIGLIA;SI;LA CENTRALE DEL GUSTO;2,12;0,33;1;10;
LUPULUS BLONDE;BIRRE BOTTIGLIA;NO;ATB;4,75;0,75;1;10;
LUPULUS BRUNE 8,5 %;BIRRE BOTTIGLIA;NO;LA CENTRALE DEL GUSTO;5,01;0,75;1;10;
LUPULUS HOPERA 6 %;BIRRE BOTTIGLIA;SI;LA CENTRALE DEL GUSTO;2,01;0,33;1;10;
LUPULUS BRUNE 8,5 %;BIRRE BOTTIGLIA;NO;ATB;4,83;0,75;1;10;
COGNAC MARTELL;DISTILLATO;NO;DIBE;21,94;0,7;1;10;
LUPULUS HIBERNATUS;BIRRE BOTTIGLIA;NATALE;LA CENTRALE DEL GUSTO;2,31;0,33;1;10;
LUPULUS JOLLY PUPEE;BIRRE BOTTIGLIA;SI;LA CENTRALE DEL GUSTO;2,01;0,33;1;10;
LUPULUS HOPERA 6 %;BIRRE BOTTIGLIA;NO;ATB;1,88;0,33;1;10;
LUPULUS PILS;BIRRE BOTTIGLIA;SI;LA CENTRALE DEL GUSTO;1,77;0,33;1;10;
LUPULUS TRIPEL 8,5 %;BIRRE BOTTIGLIA;SI;LA CENTRALE DEL GUSTO;2,12;0,33;1;10;
LUPULUS TRIPEL 8,5 %;BIRRE BOTTIGLIA;NO;LA CENTRALE DEL GUSTO;5,01;0,75;1;10;
ORVAL 6,2 %;BIRRE BOTTIGLIA;SI;LA CENTRALE DEL GUSTO;2,24;0,33;1;10;TRAPPIST
MAGNERS ORIGINAL IRISH CIDER;BIRRE BOTTIGLIA;NO;LA CENTRALE DEL GUSTO;3,24;0,56;1;10;CIDRO
MAGNUM LUPULUS;BIRRE BOTTIGLIA;NO;ATB;18;1,5;1;10;
GRAPPA GIALLA;DISTILLATO;NO;DIBE;9,83;0,7;1;10;
MARTINI BIANCO;SUPER ALCOLICI;SI;LEVA;7,1;1;1;10;PER COKTAIL
VECCHIA ROMAGNA;DISTILLATO;NO;DIBE;14,42;1;1;10;DISTILLATO
MARTINI BIANCO;COKTAIL;NO;ATB;7,03;1;1;10;
MARTINI ROSSO;SUPER ALCOLICI;SI;LEVA;7,1;1;1;10;PER COKTAIL
ME-LI' - MENTA E LIQUIRIZIA;SUPER ALCOLICI;SI;ROSSI D'ANGERA;8,5;0,5;1;10;LIQUORE
MARTINI ROSSO;COKTAIL;NO;ATB;6,43;1;1;10;
GIN BOSFORD;GIN;NO;DIBE;11,34;1;1;10;GIN
GIN GORDON'S;GIN;NO;DIBE;10,68;1;1;10;GIN
MC KINLEY - TONCA;BIBITE;NO;LEVA;0,4;0,2;1;10;
GIN TANQUERAY;GIN;NO;DIBE;15,39;1;1;10;GIN
ANIMA NERA;LIQUORE;NO;DIBE;0;0,5;1;10;
ALDERSABCHER DUNKEL;BIRRE FUSTO;NO;LA CENTRALE DEL GUSTO;99,66;30;1;10;DUNKELL
MIRTO BIANCO;LIQUORE;NO;CDA;7,63;0,7;1;10;
MIRTO ROSS;LIQUORE;NO;CDA;7,67;0,7;1;10;
BAILEYS;LIQUORE;NO;DIBE;12,7;1;1;10;
MIRTO ZADDA PIRAS;LIQUORE;NO;ATB;0;0,5;1;10;
MIRTO ZADDA PIRAS;SUPER ALCOLICI;NO;LEVA;10,06;0,7;1;10;LIQUORE
MOSCATO DOLCE CAN;VINI;NO;LEVA;2,81;0,75;1;10;SPUMANTE
ALDERSBACHER PILS;BIRRE FUSTO;NO;LA CENTRALE DEL GUSTO;69;30;1;10;
CAFFE' BORGHETTI;LIQUORE;NO;DIBE;12,9;0,7;1;10;
MONTENEGRO;AMARO;NO;ATB;18;1;1;10;
CONTREAU;LIQUORE;NO;DIBE;19,27;1;1;10;
LIMONCELLO;LIQUORE;NO;DIBE;5,55;0,7;1;10;
LIQUORE ALLA LIQUIRIZIA CAFFO;LIQUORE;NO;DIBE;21,11;1;1;10;
MORT SUBITE LAMBIC 4,5° GEUZE;BIRRE BOTTIGLIA;NO;LA CENTRALE DEL GUSTO;2,51;0,38;1;10;LAMBIC
MORT SUBITE LAMBIC 4°;BIRRE BOTTIGLIA;NO;LA CENTRALE DEL GUSTO;2,51;0,25;1;10;LAMBIC
NERO D'AVOLA IGP;VINI;NO;LEVA;3,31;0,75;1;10;ROSSO FERMO
LIQUORE CHOUFFE;LIQUORE;NO;DIBE;16,4;0,5;1;10;
NIKKA FROM THE BARREL;SUPER ALCOLICI;SI;LEVA;28,05;0,5;1;10;
NERO D'AVOLA IGP;VINI;NO;ATB;2,47;0,75;1;10;
MIRTO ZADDA PIRAS;LIQUORE;NO;DIBE;9,48;0,7;1;10;
PASSERINA SPUMANTE BRUT;VINI;NO;LEVA;3,8;0,75;1;10;SPUMANTE
ALDERSBACHER ZWIKEL;BIRRE FUSTO;NO;LA CENTRALE DEL GUSTO;82;30;1;10;
OLD TOM - CHOCOLATE;BIRRE BOTTIGLIA;NO;ATB;2,73;0,33;1;10;
OMER;BIRRE BOTTIGLIA;NO;LA CENTRALE DEL GUSTO;1,94;0,33;1;10;BLONDE
OPPIGARDS 5,2%;BIRRE BOTTIGLIA;NO;METRO;1,89;0,33;1;10;LAGHER
Pietra Blonde BIO Gluten Free 33 cl;BIRRE BOTTIGLIA;SI;LA CENTRALE DEL GUSTO;2,15;0,33;1;10;ALE NO GLUTINE
PER - GRAPPA DI MOSCATO CON PERA;SUPER ALCOLICI;SI;ROSSI D'ANGERA;17,5;0,7;1;10;LIQUORE
ORVAL 6,2 %;BIRRE BOTTIGLIA;NO;ATB;2,23;0,33;1;10;
PANNA SPRAY;CAFFETTERIA;SI;CDA;0;0,5;1;10;
PERSICHINA - GRAPPA DI MOSCATO CON ALBICOCCA;SUPER ALCOLICI;SI;ROSSI D'ANGERA;17,5;0,7;1;10;LIQUORE
ALDESBACHER DOPPELBOCK DUNKELL;BIRRE FUSTO;NO;LA CENTRALE DEL GUSTO;109;30;1;10;
BLANCE DE NAMOUR;BIRRE FUSTO;NO;LA CENTRALE DEL GUSTO;74,16;20;1;10;
BOMBOLA CARBOAZOTO;BIRRE FUSTO;NO;LA CENTRALE DEL GUSTO;35;14;1;10;
PINOT GRIGIO OLTREPO;VINI;NO;LEVA;3,55;0,75;1;10;
BOMBOLA CO2;BIRRE FUSTO;NO;LA CENTRALE DEL GUSTO;35;10;1;10;
BREWDOG PUNK IPA;BIRRE FUSTO;NO;LA CENTRALE DEL GUSTO;119;30;1;10;IPA
PILSNER URQUELL 4,4%;BIRRE BOTTIGLIA;NO;ATB;1,52;0,33;1;10;
PINOT GRIGIO GARGANEGA;VINI;NO;ATB;2,28;0,75;1;10;
PROSECCO MINIONS TREVISO;VINI;SI;LEVA;3,45;0,75;1;10;SPUMANTE
DE RANKE GOULDENBERG;BIRRE FUSTO;NO;LA CENTRALE DEL GUSTO;95;20;1;10;TRIPEL
DE RANKE SAISON DE DOTTIGNES;BIRRE FUSTO;NO;LA CENTRALE DEL GUSTO;95;20;1;10;SAISON
DE RANKE SIMPLEX;BIRRE FUSTO;NO;LA CENTRALE DEL GUSTO;93;20;1;10;bitter ale
PROSECCO BRUT DOGARINA;VINI;NO;ATB;4,67;0,75;1;10;
PROSECCO NANNI RIZZI DOCG;VINI;SI;LEVA;7,42;0,75;1;10;
PROSECCO VALDOBBIADENE CAVALIERI;VINI;NO;LEVA;5,7;0,7;1;10;
RAMAZZOTTI;AMARO;NO;LEVA;13,71;1;1;10;
PUNK IPA;BIRRE BOTTIGLIA;NO;ATB;2,38;0,33;1;10;
RED BULL 25 LAT;BIBITE;SI;LEVA;1,16;0,25;1;10;
RAMAZZOTTI;AMARO;NO;ATB;13;1;1;10;
SAMBUCA 1L;LIQUORE;NO;DIBE;16,4;1;1;10;LIQUORE
SOUTHERN COMFORT;LIQUORE;NO;DIBE;18,14;1;1;10;WHISKEY
RED BULL 25 LAT;BIBITE;NO;ATB;1,13;0,33;1;10;
VOV;LIQUORE;NO;DIBE;13,77;1;1;10;LIQUORE
RED POWER CANNABIS 8%;BIRRE BOTTIGLIA;NO;METRO;1,65;0,33;1;10;IPA
Remy Martin Cognac;DISTILLATO;NO;ATB;42,07;1;1;10;
ROCHEFORT 06;BIRRE BOTTIGLIA;SI;LA CENTRALE DEL GUSTO;2,01;0,33;1;10;DUBBEL
ROCHEFORT 06;BIRRE BOTTIGLIA;NO;ATB;1,81;0,33;1;10;
RUM BACARDI BIANCO;RUM;NO;DIBE;12,76;1;1;10;RUM
ROCHEFORT 08;BIRRE BOTTIGLIA;SI;LA CENTRALE DEL GUSTO;2,24;0,33;1;10;AMBER ALE
ROCHEFORT 08;BIRRE BOTTIGLIA;NO;ATB;1,94;0,33;1;10;
RUM HAVANA 3 CLUB;RUM;NO;DIBE;13,63;1;1;10;RUM
ROCHEFORT 10;BIRRE BOTTIGLIA;SI;LA CENTRALE DEL GUSTO;2,84;0,33;1;10;QUADRUPPEL
RUM HAVANA 7;RUM;NO;DIBE;18,53;0,7;1;10;RUM
ROCHEFORT TRIPEL;BIRRE BOTTIGLIA;SI;LA CENTRALE DEL GUSTO;2,46;0,33;1;10;TRIPEL
DE RANKE XXBITTER;BIRRE FUSTO;NO;LA CENTRALE DEL GUSTO;94;20;1;10;bitter ale
DETERGENTE DE SANA MAX LAVAGGIO IMPIANTO;BIRRE FUSTO;NO;LA CENTRALE DEL GUSTO;2,68;1;1;10;ACCESSORIO
RUM BARCELO IMPERIAL;SUPER ALCOLICI;SI;LEVA;20,81;0,7;1;10;
RUM HAVANA 3 CLUB;RUM;NO;ATB;13;1;1;10;
RUM BARCELO ONYX;SUPER ALCOLICI;NO;LEVA;26,43;0,7;1;10;
RUM KRAKEN;RUM;NO;DIBE;0;0,5;1;10;
RUM HAVANA 7;RUM;NO;ATB;22,29;0,7;1;10;
RUM HAVANA 3 CLUB;SUPER ALCOLICI;SI;LEVA;11,05;0,7;1;10;RUM
RUM MALIBU';RUM;NO;DIBE;12,5;1;1;10;RUM
RUM HAVANA 7;SUPER ALCOLICI;SI;LEVA;18,94;0,7;1;10;RUM
RUM MALIBU';RUM;NO;ATB;12,3;1;1;10;
RUM PAMPER GOLD EXP;RUM;NO;DIBE;12,22;1;1;10;RUM
RUM PAMPERO ANNIV;RUM;NO;DIBE;17,07;0,7;1;10;RUM
RUM MALIBU';SUPER ALCOLICI;NO;LEVA;13,02;1;1;10;RUM
RUM BRUGALL;RUM;NO;DIBE;0;0,5;1;10;
RUM PAMPERO ANNIV;RUM;NO;ATB;20,5;1;1;10;
RUM PAMPERO BIANCO;RUM;NO;DIBE;9,89;1;1;10;RUM
GRAPPA BIANCA;SUPER ALCOLICI;NO;DIBE;10,37;1;1;10;
RUM PAMPERO BIANCO;RUM;NO;ATB;10,7;1;1;10;
RUM PAMPERO ANNIV;SUPER ALCOLICI;NO;LEVA;17,16;0,7;1;10;RUM
GRAPPA BIANCA - SECCA - ROSSI D'ANGERA;SUPER ALCOLICI;NO;DIBE;12,51;1;1;10;LIQUORE
RUM PAMPERO ESPECIAL;RUM;NO;ATB;12,3;1;1;10;
RUM PAMPERO BIANCO;SUPER ALCOLICI;SI;LEVA;10,8;1;1;10;RUM
RUMB BACARDI CARTA BIANCA SUPERIOR;RUM;NO;ATB;14,73;1;1;10;
GUINNESS STOUT 4,2;BIRRE FUSTO;NO;LA CENTRALE DEL GUSTO;104,95;30;1;10;STOUT
SAMBUCA 07L;LIQUORE;NO;CDA;13,98;0,7;1;10;
RUM PAMPERO ESPECIAL - SCURO;SUPER ALCOLICI;SI;LEVA;13,31;1;1;10;RUM
SAMBUCA 1,5L;SUPER ALCOLICI;NO;LEVA;25,54;1,5;1;10;LIQUORE
SAMBUCA 1L;LIQUORE;NO;ATB;16,87;1;1;10;
GRAPPA RISERVA AMBRATA - ROSSI D'ANGERA;SUPER ALCOLICI;NO;DIBE;10,99;0,7;1;10;LIQUORE
SCHLENKLERLA Eiche Doppelbock;BIRRE BOTTIGLIA;NON RIORDINARE;LA CENTRALE DEL GUSTO;2,55;0,5;1;10;RAUCHBIER
SCHLENKLERLA MARZEN;BIRRE BOTTIGLIA;SI;LA CENTRALE DEL GUSTO;1,96;0,5;1;10;RAUCHBIER
SCHNEIDER AVENTINUS 12°;BIRRE BOTTIGLIA;NO;LA CENTRALE DEL GUSTO;2,29;0,33;1;10;WEIZENEISBOCK
KILKENNY;BIRRE FUSTO;NO;LA CENTRALE DEL GUSTO;104,95;30;1;10;RED ALE
KWACK;BIRRE FUSTO;NO;LA CENTRALE DEL GUSTO;124,5;30;1;10;AMBER ALE
LA CHOUFFE - BLONDE;BIRRE FUSTO;NO;LA CENTRALE DEL GUSTO;97;20;1;10;TRIPEL
LA CHOUFFE - HOUBLON;BIRRE FUSTO;NO;LA CENTRALE DEL GUSTO;99;20;1;10;TRIPEL
SAMBUCA 1L;SUPER ALCOLICI;SI;LEVA;17,26;1;1;10;LIQUORE
SCHWEPPES 0,20;BIBITE;NO;ATB;0;0,2;1;10;
SCHWEPPES LAT;BIBITE;NO;ATB;0,57;0,33;1;10;
SCHWEPPES 0,18;BIBITE;NO;LEVA;0,5;0,18;1;10;
BARBERA ALBA COLLI BIANCHI;VINI;NO;DIBE;4,74;0,75;1;10;ROSSO FERMO
BARBERA ALBA PROPOSTE;VINI;NO;DIBE;4,74;0,75;1;10;ROSSO
CHARDONNAY;VINI;NO;DIBE;5,4;0,75;1;10;BIANCO MOSSO
CHARDONNAY TEN LA VIS;VINI;NO;DIBE;5,4;0,75;1;10;BIANCO FERMO
SIFONE SODA;BIBITE;NO;METRO;4,02;1,5;1;10;BIBITA
SLAAPMUTSKE CHRISTMAS 7,4°;BIRRE BOTTIGLIA;NO;LA CENTRALE DEL GUSTO;2,05;0,33;1;10;CHRISTMAS ALE
LA RULLES TRIPEL 8,4;BIRRE FUSTO;NO;LA CENTRALE DEL GUSTO;98;20;1;10;TRIPEL
SCHWEPPES LAT 0.33;BIBITE;NO;LEVA;0,49;0,33;1;10;
SOUTHERN COMFORT;WHISKEY;NO;ATB;23,18;1;1;10;
CHIANTI DOCG;VINI;NO;DIBE;5,17;0,75;1;10;ROSSO FERMO
CHIANTI DOCG SANT'ILARIO;VINI;NO;DIBE;5,17;0,75;1;10;
LANDBIER ZWICKELL;BIRRE FUSTO;NO;LA CENTRALE DEL GUSTO;87,5;30;1;10;KELLER
SOUTHERN COMFORT;SUPER ALCOLICI;SI;LEVA;9,89;1;1;10;
SPRITE;BIBITE;NO;ATB;0,5;0,33;1;10;
DOLCETTO DOGL. COLLI BIANCHI;VINI;NO;DIBE;4,25;0,75;1;10;ROSSO FERMO
SPRITE;BIBITE;NO;LEVA;0,47;0,33;1;10;
SPRITE VETRO 33 CL;BIBITE;SI;LEVA;0,56;0,33;1;10;
ST. AUSTELL - ADMIRAL;BIRRE BOTTIGLIA;NO;ATB;3;0,5;1;10;
ST. AUSTELL - TRIBUTE;BIRRE BOTTIGLIA;NO;ATB;3;0,5;1;10;
LE FORT BRUNE;BIRRE FUSTO;NO;LA CENTRALE DEL GUSTO;92;20;1;10;BRUNE - BROWN ALE
LE FORT TRIPEL;BIRRE FUSTO;NO;LA CENTRALE DEL GUSTO;95;20;1;10;TRIPEL
MC CHOUFFE - BRUNE;BIRRE FUSTO;NO;LA CENTRALE DEL GUSTO;98;20;1;10;TRIPEL
RULLES TRIPEL;BIRRE FUSTO;NO;LA CENTRALE DEL GUSTO;99,5;20;1;10;TRIPEL
SCHNEIDER ORIGINAL WEISSE;BIRRE FUSTO;NO;LA CENTRALE DEL GUSTO;68;20;1;10;WEISSE
ST. BERNARDUS BLANCE;BIRRE BOTTIGLIA;NO;LA CENTRALE DEL GUSTO;1,78;0,33;1;10;BLANCE
SCHNEIDER WEISSE;BIRRE FUSTO;NO;LA CENTRALE DEL GUSTO;68;20;1;10;WEISSE
ST. BERNARDUS PRIOR 8;BIRRE FUSTO;NO;LA CENTRALE DEL GUSTO;95;20;1;10;DUBBEL
ST. GEORGEN GOLD MARZEN;BIRRE FUSTO;NO;LA CENTRALE DEL GUSTO;50;20;1;10;MARZEN
TENNENT'S SUPER 9,0;BIRRE FUSTO;NO;LA CENTRALE DEL GUSTO;109;30;1;10;STRONG LAGHER
ST. FEULEN CUVEE DE NOEL;BIRRE BOTTIGLIA;NO;LA CENTRALE DEL GUSTO;2,45;0,33;1;10;CHRISTMAS ALE
ST. FEULEN TRIPEL;BIRRE BOTTIGLIA;NO;LA CENTRALE DEL GUSTO;2,24;0,5;1;10;TRIPEL
TRIPEL KARMELIET;BIRRE FUSTO;NO;LA CENTRALE DEL GUSTO;143;30;1;10;TRIPEL
WEIHERER BOCK;BIRRE FUSTO;NO;LA CENTRALE DEL GUSTO;0;30;1;10;BOCK
ST.PETERES CREAM STOUT;BIRRE BOTTIGLIA;NO;METRO;1,85;0,5;1;10;
WEIHERER DUNKELL - URSTOFFLA;BIRRE FUSTO;NO;LA CENTRALE DEL GUSTO;89;30;1;10;DUNKEL
STELLA ATOIS 0,33;BIRRE BOTTIGLIA;NO;METRO;0,75;0,33;1;10;
WEIHERER KELLER;BIRRE FUSTO;NO;LA CENTRALE DEL GUSTO;82;30;1;10;KELLER
SUCCO ACE;BIBITE;NO;LEVA;0,51;0,2;1;10;
SUCCO AL MIRTILLO;SUCCHI;NO;ATB;0,96;0,2;1;10;
SUCCO AL MIRTILLO;BIBITE;SI;LEVA;0,72;0,2;1;10;
SUCCO ALBICOCCA;BIBITE;NO;LEVA;0,51;0,2;1;10;WHISKEY
SUCCO ALLA PERA;SUCCHI;NO;ATB;0,58;0,2;1;10;
SUCCO ALLA PERA;BIBITE;SI;LEVA;0,51;0,2;1;10;WHISKEY
SUCCO ALLA PESCA;SUCCHI;NO;ATB;0,58;0,2;1;10;
SUCCO ALLA PESCA;BIBITE;SI;LEVA;0,51;0,2;1;10;WHISKEY
SUCCO D'ANANAS;SUCCHI;NO;ATB;0,58;0,2;1;10;
SUCCO ANANAS;BIBITE;NO;LEVA;0,51;0,2;1;10;
SUCCO D'ARANCIA;SUCCHI;NO;ATB;0,58;0,2;1;10;
SUCCO D'ARANCIA;BIBITE;SI;LEVA;0,51;0,2;1;10;WHISKEY
SWEET & SOUR GEN. FRUIT;SUPER ALCOLICI;SI;LEVA;6,27;0,75;1;10;
TENNENT'S;BIRRE BOTTIGLIA;NO;METRO;0,89;0,5;1;10;
WEIHERER KELLER PILS;BIRRE FUSTO;NO;LA CENTRALE DEL GUSTO;1,79;0,5;1;10;KELLER PILS
WEIHERER MARZEN;BIRRE FUSTO;NO;LA CENTRALE DEL GUSTO;89;30;1;10;MARZEN
WEIHERER PILS;BIRRE FUSTO;NO;LA CENTRALE DEL GUSTO;79,99;30;1;10;PILS
WEIHERER RAUCH;BIRRE FUSTO;NO;LA CENTRALE DEL GUSTO;66;20;1;10;RAUCH
WEIHERER WEISSE;BIRRE FUSTO;NO;LA CENTRALE DEL GUSTO;95;30;1;10;WEISSE
WELTENBURGER ASAM BOCK;BIRRE FUSTO;NO;LA CENTRALE DEL GUSTO;125;30;1;10;DOPPELBOCK DUNKEL
DOLCETTOE.DRY FIORE CONTARINI;VINI;NO;DIBE;3,88;0,75;1;10;SPUMANTE
TEQUILA ESPOLON BLANCO;SUPERALCOLICI;SI;ESSELUNGA;13,52;0,7;1;10;
TEQUILA CUERVO SILVER;SUPER ALCOLICI;SI;LEVA;14,7;1;1;10;TEQUILA
TEQUILA ESPOLON BLANCO;SUPER ALCOLICI;SI;LEVA;0;0,7;1;10;TEQUILA
TEQUILA SAUZA SILVER;COCKTAIL;NO;ATB;15,1;1;1;10;
TEQUILA SAUZA SILVER;SUPER ALCOLICI;NO;LEVA;14,94;1;1;10;TEQUILA
TETE DE MORT;BIRRE BOTTIGLIA;NO;LA CENTRALE DEL GUSTO;2,24;0,33;1;10;TRIPEL
BOMBOLA C02;BIRRE FUSTO;NO;LEVA;20,55;10;1;10;
CRISTALL - PILS;BIRRE FUSTO;NO;PARTESA;58,1;30;1;10;PILS
FALANGHINA AIA DEI FUSCHI TELARO;VINI;NO;DIBE;4,73;0,75;1;10;BIANCO FERMO
FALANGHINA ROCCAM. TELARO IGP;VINI;SI;DIBE;3,27;0,37;1;10;
NERO D'AVOLA IGP;VINI;NO;DIBE;6,31;0,75;1;10;ROSSO FERMO
THE LIMONE;BIBITE;SI;LEVA;0,33;0,33;1;10;
THE LIMONE;BIBITE;NO;ATB;0,3;0,33;1;10;
SP.TE TREVIL BRUT;VINI;NO;DIBE;2,94;0,75;1;10;SPUMANTE
THE PESCA;BIBITE;SI;LEVA;0,33;0,33;1;10;
THE PESCA;BIBITE;NO;ATB;0,3;0,33;1;10;
MORELLINO DI SCANSANO MANTELASSI DOCG;VINI;SI;DIBE;3,71;0,37;1;10;
THE RANKE PERE NOEL 9°;BIRRE BOTTIGLIA;NO;LA CENTRALE DEL GUSTO;2,05;0,33;1;10;CHRISTMAS ALE
THE TISANE FRITTINE OBROMA 20 PER CONFEZIONE;CAFFETTERIA;SI;CDA;1,69;1;1;10;
TIM - LIQUORE AL TIMO;SUPER ALCOLICI;NO;LEVA;29,49;0,7;1;10;
TIM - LIQUORE AL TIMO;SUPERALCOLICI;Si;TIM - ALBERTO;18,03;0,7;1;10;
ERDINGER DUNKEL;BIRRE FUSTO;NO;PARTESA;65,2;20;1;10;DUNKEL
TRIPEL KARMELIET;BIRRE BOTTIGLIA;NO;LA CENTRALE DEL GUSTO;1,94;0,33;1;10;TRIPEL
TRIPLE SEC DE KUYPER;SUPER ALCOLICI;SI;LEVA;11,05;0,7;1;10;
TROUBADOUR MAGMA;BIRRE BOTTIGLIA;SI;LA CENTRALE DEL GUSTO;2,36;0,33;1;10;DOUBLE IPA
NEBBIOLO LANGHE ISOLA GENERAJ DOC;VINI;SI;DIBE;4,5;0,37;1;10;
VAGABOND;BIRRE BOTTIGLIA;NO;ATB;1,7;0,33;1;10;
VAL DIEU NOEL;BIRRE BOTTIGLIA;NO;LA CENTRALE DEL GUSTO;2,54;0,33;1;10;CHRISTMAS ALE
VANDERGHINTE LE FORT BRUNE;BIRRE BOTTIGLIA;NO;LA CENTRALE DEL GUSTO;2,05;0,33;1;10;BRUNE - BROWN ALE
VECCHIA ROMAGNA;DISTILLATO;NO;ATB;26,5;1;1;10;
absolutiv;VODKA;NO;DIBE;14,08;1;1;10;
VECCHIA ROMAGNA;SUPER ALCOLICI;SI;LEVA;24,36;1,5;1;10;
VICARIS TRIPEL GEUZE;BIRRE BOTTIGLIA;NO;LA CENTRALE DEL GUSTO;2,53;0,5;1;10;GEUZE TRIPEL
VODCA GREY GOOSE;VODKA;NO;DIBE;29,19;0,7;1;10;
VODCA MENTA KLIMAT;VODKA;NO;CDA;3,39;0,7;1;10;
VODKA;VODKA;NO;ATB;9;1;1;10;
VODKA ARTIC FRAGOLA;VODKA;NO;DIBE;8,83;1;1;10;VODKA
VODKA ARTIC MENTA;VODKA;NO;DIBE;8,83;1;1;10;VODKA
VODKA ARTIC PESCA;VODKA;NO;DIBE;8,83;1;1;10;VODKA
VODKA BELVEDERE;VODKA;NO;DIBE;24,6;0,7;1;10;VODKA
VODKA CIROC;VODKA;NO;DIBE;28,77;1;1;10;VODKA
VODKA FRAGOLA ARTIC;VODKA;NO;ATB;8,83;1;1;10;
VODKA FRAGOLA ARTIC;SUPER ALCOLICI;SI;LEVA;9,57;1;1;10;VODKA
VODKA MENTA;VODKA;NO;ATB;8,83;1;1;10;
VODKA MENTA ARTIC;SUPER ALCOLICI;SI;LEVA;9,57;1;1;10;VODKA
VODKA PESCA;VODKA;NO;ATB;8,83;1;1;10;
VODKA PESCA ARTIC;SUPER ALCOLICI;SI;LEVA;9,57;1;1;10;VODKA
VODKA SECCA;SUPER ALCOLICI;SI;LEVA;9,57;1;1;10;VODKA
VODKA SKY;VODKA;NO;DIBE;11,69;1;1;10;VODKA
VODKA SMINORFF;VODKA;NO;DIBE;9,86;1;1;10;VODKA
VOV;LIQUORE;NO;ATB;17;1;1;10;
JACK DANIEL'S;WHISKEY;NO;DIBE;19,3;1;1;10;
VOV;SUPER ALCOLICI;NO;LEVA;12,73;1;1;10;LIQUORE
GREEN KILLER IPA;BIRRE FUSTO;NO;PARTESA;92,61;20;1;10;IPA
GUINNESS STOUT 4,2;BIRRE FUSTO;NO;PARTESA;95,8;30;1;10;STOUT
LA CHOUFFE GOLDEN ALE;BIRRE FUSTO;NO;PARTESA;84,5;20;1;10;TRIPEL
LAGUNITAS IPA;BIRRE FUSTO;NO;PARTESA;84,32;20;1;10;IPA
MC CHOUFFE;BIRRE FUSTO;NO;PARTESA;84,5;20;1;10;BRUNE
MONCHSHOF KELLER;BIRRE FUSTO;NO;PARTESA;57,8;30;1;10;KELLER
PAULANER - PREMIUM PILS;BIRRE FUSTO;NO;PARTESA;55,8;30;1;10;PILS
PAULANER - UR DUNKEL;BIRRE FUSTO;NO;PARTESA;54,5;30;1;10;DUNKEL
PAULANER ZWICKEL;BIRRE FUSTO;NO;PARTESA;57,57;30;1;10;KELLER
WEIHERER SCHWARZLA;BIRRE BOTTIGLIA;NO;LA CENTRALE DEL GUSTO;0;0,33;1;10;STOUT
SLALOM STRONG LAGHER;BIRRE FUSTO;NO;PARTESA;70,26;20;1;10;STRONG LAGER
WEIHERER ZWARZLA;BIRRE BOTTIGLIA;NO;LA CENTRALE DEL GUSTO;1,79;0,5;1;10;STOUT
WEIHERER WEIZENBOCK 6,8°;BIRRE BOTTIGLIA;NO;LA CENTRALE DEL GUSTO;2,11;0,33;1;10;WEIZENBOCK
TENNENT'S SUPER 9,0;BIRRE FUSTO;NO;PARTESA;90,9;30;1;10;STRONG LAGER
WESTMALLE TRIPEL 9,5 %;BIRRE BOTTIGLIA;NO;ATB;2,29;0,33;1;10;TRIPEL
WHISKEY BALLANTINES;SUPER ALCOLICI;NO;LEVA;14,17;1;1;10;
WHISKEY GLEN GRANT 5Y;WHISKEY;NO;ATB;16,6;1;1;10;
WHISKEY GLEN GRANT 5Y;SUPER ALCOLICI;NO;LEVA;16,3;1;1;10;
JACK DANIEL'S;WHISKEY;NO;DIBE;20,26;1;1;10;
WHISKEY J&B;SUPER ALCOLICI;NO;LEVA;11,48;0,7;1;10;
WHISKEY GLEN GRANT 5Y;WHISKEY;NO;DIBE;15,91;1;1;10;
WHISKEY JACK DANIEL'S;SUPER ALCOLICI;SI;LEVA;22,59;1;1;10;
WHISKEY JAMESON;WHISKEY;NO;ATB;23;1;1;10;
WHISKEY JAMESON;SUPER ALCOLICI;SI;LEVA;21,17;1;1;10;
WHISKEY J&B;WHISKEY;NO;DIBE;15,14;1;1;10;
WHISKEY LAGAVULIN;WHISKEY;NO;ATB;70,57;1;1;10;
WHISKEY JAMESON;WHISKEY;NO;DIBE;18,53;1;1;10;
WHISKEY LONG JHON;SUPER ALCOLICI;NO;LEVA;9,35;0,7;1;10;
WHISKEY LAGAVULIN;WHISKEY;NO;DIBE;40,29;0,7;1;10;
WHISKY BALLANTINE'S;WHISKEY;NO;DIBE;14,5;1;1;10;WHISKEY
WHISKY CHIVAS REGAL;SUPER ALCOLICI;NO;LEVA;19,57;0,7;1;10;
WHISKY JHONNY WALKER;SUPER ALCOLICI;NO;LEVA;11,09;0,7;1;10;
WHISKY CHIVAS;WHISKEY;NO;DIBE;28,4;1;1;10;WHISKEY
WHISKY OBAN - 14 YO;SUPER ALCOLICI;SI;LEVA;38,67;0,7;1;10;
WHISKY OBAN LITTLE BAY;SUPER ALCOLICI;NO;LEVA;51,43;0,7;1;10;
WHISKY JHONNY WALKER;WHISKEY;NO;DIBE;13,64;1;1;10;WHISKEY
WHISKY TALISKER Y09;SUPER ALCOLICI;SI;LEVA;27,91;0,7;1;10;
WHISKY TALISKER Y10;WHISKEY;NO;ATB;29,16;0,7;1;10;
WHISKY WILD TURKEY;SUPER ALCOLICI;SI;LEVA;22,19;0,7;1;10;
WHISKY TALISKER Y08;WHISKEY;NO;DIBE;28,4;0,7;1;10;WHISKEY
ZUCCHERO BIANCO SACCHETTI;CAFFETTERIA;SI;COFFEE POINT;0;0,5;1;10;
ZUCCHERO DI CANNA SACCHETTI;CAFFETTERIA;SI;CDA;0;0,5;1;10;
ZUCCHERO DI CANNA SACCHETTI 50 PZ;CAFFETTERIA;SI;COFFEE POINT;1,46;0,25;1;10;
ZUCCHERO LIQUIDO DI CANNA;CAFFETTERIA;SI;CDA;0;1;1;10;
ZUCCHERO LIQUIDO DI CANNA;SUPER ALCOLICI;SI;LEVA;4,81;1;1;10;PER COKTAIL
GIN ROKU;SUPER ALCOLICI;SI;CDA;0;0,5;1;10;
GIN WHITNEIL ORIGINAL;SUPER ALCOLICI;SI;CDA;0;0,5;1;10;
GIN WHIYNEIL RABARBARO;SUPER ALCOLICI;SI;CDA;0;0,5;1;10;
WHISKY WILD TURKEY;WHISKEY;NO;DIBE;22,4;1;1;10;WHISKEY
